Nr. orders	300
orderID,productID,qty
1,105,1
1,411,1
1,323,1
1,714,1
1,505,1
1,177,1
1,394,1
1,708,1
1,898,1
1,772,1
1,442,1
1,338,1
1,90,1
1,583,1
1,52,1
2,765,1
2,626,1
2,412,1
2,463,1
2,169,1
2,645,1
2,167,1
2,44,1
2,100,1
2,310,1
2,748,1
2,445,1
3,845,1
3,72,1
3,446,1
3,341,1
3,202,1
3,82,1
3,223,1
3,620,1
3,812,1
3,760,1
3,839,1
3,750,1
3,505,1
3,693,1
4,227,1
4,896,1
4,117,1
4,8,1
4,881,1
4,738,1
4,340,1
4,526,1
4,312,1
4,683,1
4,442,1
4,579,1
4,883,1
4,520,1
4,156,1
4,830,1
4,65,1
5,430,1
5,507,1
5,19,1
5,707,1
5,177,1
5,99,1
5,110,1
5,423,1
5,267,1
5,753,1
5,40,1
5,324,1
5,568,1
5,782,1
5,306,1
6,706,1
6,798,1
6,325,1
6,207,1
6,219,1
6,499,1
6,770,1
6,486,1
6,39,1
6,182,1
6,197,1
6,786,1
6,697,1
6,388,1
6,217,1
6,586,1
6,537,1
6,467,1
6,235,1
7,420,1
7,636,1
7,497,1
7,581,1
7,121,1
7,383,1
7,272,1
7,448,1
8,149,1
8,259,1
8,629,1
8,461,1
8,685,1
8,624,1
8,380,1
8,131,1
8,101,1
8,97,1
8,251,1
8,133,1
8,272,1
8,758,1
8,793,1
8,580,1
9,566,1
9,500,1
9,848,1
9,271,1
9,590,1
9,603,1
9,829,1
9,469,1
9,832,1
9,305,1
10,207,1
10,489,1
10,341,1
10,738,1
10,539,1
10,177,1
11,417,1
11,319,1
11,190,1
11,154,1
11,16,1
11,315,1
11,639,1
11,282,1
11,484,1
11,683,1
11,66,1
11,316,1
11,879,1
11,561,1
11,155,1
11,686,1
11,788,1
11,184,1
11,851,1
11,383,1
11,654,1
12,546,1
12,670,1
12,515,1
12,558,1
12,706,1
12,540,1
12,497,1
12,276,1
12,609,1
12,40,1
12,27,1
12,87,1
13,377,1
13,206,1
13,9,1
13,816,1
13,572,1
14,432,1
14,716,1
14,836,1
14,38,1
14,386,1
14,574,1
14,523,1
14,2,1
14,743,1
14,366,1
14,583,1
14,24,1
14,320,1
14,722,1
14,122,1
15,360,1
15,436,1
15,871,1
15,603,1
15,279,1
15,266,1
15,635,1
15,164,1
15,302,1
16,747,1
16,701,1
16,559,1
16,65,1
16,844,1
16,395,1
16,551,1
16,785,1
16,107,1
16,815,1
16,745,1
16,309,1
16,229,1
16,396,1
16,535,1
16,579,1
16,144,1
17,180,1
17,875,1
17,522,1
17,86,1
17,309,1
17,12,1
17,315,1
17,638,1
17,56,1
17,700,1
18,167,1
18,495,1
18,775,1
18,629,1
18,650,1
18,287,1
18,869,1
18,675,1
18,174,1
18,814,1
18,437,1
18,791,1
18,837,1
18,115,1
18,527,1
18,30,1
18,282,1
18,162,1
19,781,1
19,325,1
19,222,1
19,206,1
19,156,1
19,291,1
19,517,1
19,11,1
19,382,1
19,148,1
19,263,1
19,589,1
19,453,1
19,495,1
19,297,1
19,160,1
19,261,1
19,289,1
19,234,1
20,74,1
20,196,1
20,841,1
20,770,1
20,323,1
20,279,1
20,642,1
20,328,1
20,379,1
20,430,1
20,373,1
20,386,1
21,445,1
21,212,1
21,631,1
21,676,1
21,257,1
21,262,1
22,859,1
22,87,1
22,145,1
22,131,1
22,463,1
22,370,1
23,694,1
23,20,1
23,238,1
23,489,1
23,280,1
24,627,1
24,149,1
24,333,1
24,286,1
24,34,1
24,659,1
24,291,1
24,670,1
24,648,1
25,722,1
25,345,1
25,620,1
25,379,1
25,598,1
25,382,1
25,156,1
25,762,1
25,811,1
25,636,1
25,328,1
25,54,1
25,256,1
25,528,1
25,124,1
25,551,1
25,91,1
25,384,1
25,28,1
25,282,1
25,475,1
25,790,1
25,492,1
26,618,1
26,527,1
26,331,1
26,304,1
26,262,1
26,247,1
26,507,1
26,790,1
26,234,1
26,623,1
26,705,1
26,759,1
26,717,1
27,357,1
27,66,1
27,489,1
27,360,1
27,825,1
27,895,1
27,147,1
27,888,1
27,817,1
27,615,1
27,27,1
27,829,1
27,351,1
27,828,1
27,207,1
27,175,1
27,97,1
27,566,1
27,371,1
27,494,1
27,488,1
27,810,1
27,699,1
27,204,1
28,677,1
28,335,1
28,178,1
28,246,1
28,544,1
28,816,1
28,673,1
28,159,1
28,613,1
28,615,1
28,723,1
28,572,1
29,429,1
29,396,1
29,220,1
29,644,1
29,838,1
29,640,1
29,374,1
29,648,1
29,813,1
29,39,1
29,110,1
29,619,1
29,442,1
29,839,1
29,298,1
29,565,1
29,114,1
29,68,1
29,843,1
30,167,1
30,446,1
30,859,1
30,186,1
30,679,1
30,433,1
30,753,1
30,504,1
30,837,1
30,604,1
30,203,1
30,168,1
30,847,1
31,106,1
31,237,1
31,586,1
31,79,1
31,113,1
31,525,1
31,252,1
31,478,1
31,624,1
31,370,1
31,259,1
31,420,1
31,747,1
31,196,1
31,514,1
31,724,1
31,429,1
31,792,1
31,755,1
31,8,1
31,881,1
32,364,1
32,791,1
32,254,1
32,157,1
32,408,1
32,30,1
32,421,1
32,119,1
32,126,1
32,110,1
32,352,1
32,632,1
32,884,1
32,842,1
32,171,1
32,36,1
32,652,1
32,568,1
32,662,1
33,651,1
33,291,1
33,476,1
33,791,1
33,677,1
33,193,1
33,179,1
34,541,1
34,342,1
34,812,1
34,564,1
34,113,1
34,148,1
34,92,1
34,726,1
34,160,1
34,190,1
34,521,1
34,3,1
34,177,1
34,42,1
34,299,1
35,297,1
35,283,1
35,149,1
35,634,1
35,65,1
35,410,1
35,886,1
35,437,1
35,585,1
35,684,1
35,163,1
35,512,1
35,3,1
35,299,1
35,95,1
35,666,1
35,866,1
35,895,1
35,508,1
35,427,1
35,177,1
35,104,1
35,244,1
36,522,1
36,762,1
36,232,1
36,800,1
36,752,1
36,377,1
36,235,1
36,865,1
37,352,1
37,473,1
37,746,1
37,315,1
37,480,1
37,3,1
37,267,1
37,764,1
37,247,1
37,830,1
37,467,1
37,14,1
37,174,1
37,720,1
37,331,1
37,671,1
37,185,1
38,602,1
38,580,1
38,83,1
38,20,1
38,666,1
38,37,1
38,893,1
38,368,1
38,389,1
38,40,1
38,330,1
38,831,1
38,356,1
38,681,1
38,729,1
38,678,1
38,237,1
38,174,1
38,880,1
38,824,1
38,710,1
39,523,1
39,207,1
39,647,1
39,332,1
39,859,1
39,292,1
39,559,1
39,298,1
39,640,1
39,645,1
39,184,1
39,412,1
40,892,1
40,865,1
40,486,1
40,111,1
40,398,1
40,57,1
40,593,1
40,346,1
40,746,1
40,678,1
40,27,1
40,243,1
41,699,1
41,758,1
41,231,1
41,637,1
41,573,1
41,757,1
41,730,1
41,843,1
41,677,1
41,311,1
41,693,1
41,371,1
41,667,1
41,170,1
41,848,1
41,409,1
41,218,1
41,385,1
41,777,1
41,438,1
41,49,1
41,541,1
42,595,1
42,39,1
42,854,1
42,26,1
42,518,1
42,469,1
42,652,1
42,121,1
42,691,1
42,122,1
42,758,1
42,606,1
43,248,1
43,710,1
43,330,1
43,172,1
43,44,1
43,588,1
43,291,1
43,84,1
43,432,1
43,460,1
43,722,1
43,415,1
43,870,1
43,476,1
43,603,1
43,162,1
43,49,1
44,91,1
44,97,1
44,413,1
44,315,1
44,562,1
44,158,1
44,157,1
44,293,1
44,289,1
44,584,1
44,780,1
44,17,1
44,37,1
44,825,1
44,348,1
45,384,1
45,81,1
45,22,1
45,862,1
45,881,1
45,296,1
45,274,1
45,56,1
45,900,1
46,42,1
46,51,1
46,834,1
46,872,1
46,142,1
46,469,1
46,419,1
46,687,1
46,274,1
46,193,1
46,204,1
46,885,1
47,771,1
47,365,1
47,781,1
47,798,1
47,682,1
47,128,1
48,156,1
48,205,1
48,3,1
48,430,1
48,67,1
48,825,1
48,424,1
48,563,1
48,832,1
48,848,1
48,632,1
48,759,1
48,455,1
48,142,1
48,578,1
48,460,1
48,495,1
48,581,1
49,210,1
49,40,1
49,176,1
49,607,1
49,574,1
49,642,1
49,862,1
49,735,1
50,725,1
50,412,1
50,415,1
50,535,1
50,860,1
50,644,1
50,490,1
50,487,1
50,807,1
50,430,1
50,217,1
50,167,1
50,460,1
50,739,1
50,877,1
50,685,1
50,331,1
51,105,1
51,678,1
51,86,1
51,1,1
51,426,1
51,761,1
51,155,1
51,780,1
51,427,1
51,61,1
51,153,1
51,260,1
51,839,1
51,137,1
51,782,1
51,650,1
51,584,1
51,294,1
52,599,1
52,517,1
52,492,1
52,693,1
52,615,1
52,585,1
52,823,1
52,406,1
53,43,1
53,555,1
53,346,1
53,582,1
53,803,1
53,476,1
53,727,1
53,708,1
53,766,1
53,403,1
53,200,1
53,709,1
53,3,1
53,822,1
53,576,1
53,686,1
53,309,1
53,652,1
53,51,1
53,118,1
53,734,1
53,636,1
53,47,1
53,824,1
54,607,1
54,198,1
54,749,1
54,134,1
54,667,1
54,764,1
55,670,1
55,404,1
55,645,1
55,434,1
55,255,1
55,513,1
55,210,1
55,618,1
55,161,1
55,812,1
55,148,1
55,61,1
55,852,1
55,806,1
55,584,1
55,649,1
55,667,1
55,763,1
55,725,1
55,371,1
56,626,1
56,217,1
56,474,1
56,538,1
56,746,1
56,72,1
57,163,1
57,141,1
57,418,1
57,409,1
57,859,1
57,431,1
57,124,1
57,462,1
57,339,1
57,194,1
57,299,1
57,223,1
57,883,1
57,447,1
57,889,1
57,658,1
57,558,1
57,782,1
57,887,1
57,405,1
57,874,1
57,205,1
57,356,1
58,132,1
58,161,1
58,721,1
58,736,1
58,28,1
58,67,1
58,125,1
58,707,1
58,507,1
58,478,1
58,607,1
58,839,1
58,256,1
59,220,1
59,684,1
59,533,1
59,604,1
59,880,1
59,636,1
59,259,1
59,719,1
59,477,1
59,495,1
59,80,1
59,546,1
59,128,1
59,602,1
59,249,1
59,273,1
59,686,1
59,165,1
60,453,1
60,454,1
60,22,1
60,685,1
60,204,1
60,488,1
60,423,1
60,181,1
60,379,1
60,146,1
60,115,1
60,613,1
60,506,1
60,32,1
60,216,1
60,162,1
60,864,1
60,437,1
60,46,1
60,487,1
60,239,1
61,330,1
61,144,1
61,35,1
61,255,1
61,175,1
61,269,1
61,822,1
61,758,1
61,197,1
61,519,1
61,815,1
61,97,1
61,351,1
61,587,1
61,690,1
61,834,1
61,694,1
61,864,1
61,324,1
62,883,1
62,269,1
62,143,1
62,404,1
62,347,1
62,537,1
62,450,1
62,892,1
62,253,1
62,561,1
62,241,1
62,444,1
62,226,1
62,190,1
63,715,1
63,303,1
63,635,1
63,243,1
63,185,1
63,317,1
63,865,1
63,31,1
63,352,1
63,388,1
63,354,1
63,705,1
63,367,1
64,341,1
64,282,1
64,27,1
64,232,1
64,882,1
64,673,1
65,452,1
65,107,1
65,201,1
65,281,1
65,547,1
65,261,1
65,635,1
65,43,1
65,748,1
65,276,1
65,541,1
65,535,1
65,855,1
65,369,1
66,615,1
66,352,1
66,526,1
66,781,1
66,877,1
66,126,1
66,591,1
66,625,1
66,463,1
66,273,1
66,752,1
66,163,1
66,369,1
66,647,1
66,321,1
66,81,1
66,796,1
66,548,1
66,35,1
66,826,1
66,772,1
66,485,1
67,375,1
67,68,1
67,744,1
67,67,1
67,659,1
67,15,1
67,832,1
67,71,1
67,508,1
67,258,1
68,15,1
68,406,1
68,666,1
68,156,1
68,77,1
68,105,1
68,550,1
68,299,1
68,186,1
68,512,1
68,62,1
68,318,1
68,698,1
68,282,1
68,184,1
68,141,1
68,28,1
68,592,1
68,506,1
69,247,1
69,154,1
69,57,1
69,767,1
69,542,1
69,697,1
69,358,1
69,238,1
70,15,1
70,604,1
70,510,1
70,197,1
70,725,1
70,228,1
71,821,1
71,464,1
71,233,1
71,89,1
71,725,1
71,877,1
71,61,1
71,747,1
71,264,1
71,508,1
71,105,1
72,684,1
72,517,1
72,101,1
72,891,1
72,833,1
72,569,1
72,278,1
72,194,1
72,413,1
72,614,1
72,151,1
72,708,1
72,712,1
72,98,1
72,483,1
72,185,1
72,314,1
72,157,1
72,521,1
73,21,1
73,89,1
73,249,1
73,33,1
73,184,1
74,739,1
74,130,1
74,727,1
74,823,1
74,462,1
74,612,1
74,698,1
74,720,1
74,674,1
74,297,1
74,72,1
74,898,1
74,569,1
74,636,1
74,836,1
74,331,1
74,880,1
74,182,1
74,463,1
74,713,1
75,165,1
75,869,1
75,134,1
75,535,1
75,21,1
75,700,1
75,476,1
75,73,1
75,55,1
76,58,1
76,212,1
76,589,1
76,106,1
76,296,1
76,188,1
76,851,1
76,503,1
76,539,1
76,656,1
76,136,1
76,32,1
76,884,1
76,770,1
76,814,1
76,163,1
77,34,1
77,182,1
77,654,1
77,505,1
77,186,1
77,51,1
77,606,1
77,890,1
77,273,1
77,829,1
77,270,1
77,681,1
77,598,1
77,454,1
77,879,1
77,701,1
77,226,1
77,303,1
77,536,1
77,522,1
77,16,1
77,838,1
77,324,1
78,368,1
78,774,1
78,572,1
78,104,1
78,405,1
78,127,1
79,235,1
79,329,1
79,162,1
79,289,1
79,354,1
79,731,1
79,649,1
79,867,1
79,122,1
79,879,1
79,873,1
79,767,1
79,596,1
79,789,1
79,670,1
79,337,1
79,539,1
79,552,1
79,281,1
79,366,1
79,843,1
79,100,1
79,838,1
79,180,1
80,531,1
80,414,1
80,429,1
80,110,1
80,664,1
80,408,1
80,401,1
80,509,1
80,431,1
80,242,1
80,354,1
80,181,1
80,514,1
80,814,1
80,576,1
80,758,1
81,763,1
81,761,1
81,716,1
81,449,1
81,298,1
81,154,1
81,261,1
81,161,1
81,887,1
81,336,1
81,308,1
81,487,1
81,344,1
81,687,1
81,234,1
81,686,1
81,651,1
81,523,1
82,581,1
82,571,1
82,609,1
82,178,1
82,78,1
82,547,1
82,729,1
82,367,1
82,234,1
82,595,1
82,258,1
82,333,1
82,186,1
82,629,1
82,555,1
82,599,1
83,863,1
83,864,1
83,201,1
83,380,1
83,243,1
83,587,1
83,277,1
83,178,1
83,549,1
83,150,1
83,197,1
83,152,1
83,248,1
83,303,1
83,574,1
84,6,1
84,782,1
84,706,1
84,386,1
84,541,1
84,322,1
84,630,1
84,524,1
84,777,1
84,216,1
84,745,1
84,270,1
84,244,1
84,759,1
84,754,1
84,884,1
84,102,1
84,876,1
85,676,1
85,616,1
85,239,1
85,163,1
85,810,1
85,557,1
85,10,1
85,170,1
85,346,1
85,117,1
85,262,1
85,130,1
85,720,1
85,277,1
86,596,1
86,59,1
86,285,1
86,212,1
86,73,1
86,643,1
86,123,1
86,257,1
86,228,1
86,541,1
86,609,1
86,215,1
86,101,1
86,390,1
86,407,1
86,182,1
86,105,1
86,867,1
86,700,1
87,855,1
87,835,1
87,528,1
87,350,1
87,39,1
87,616,1
87,597,1
87,213,1
87,215,1
87,245,1
87,372,1
87,286,1
87,653,1
87,373,1
87,387,1
87,632,1
87,631,1
87,426,1
88,746,1
88,84,1
88,29,1
88,91,1
88,628,1
88,25,1
88,8,1
88,217,1
88,653,1
88,488,1
88,547,1
88,707,1
88,304,1
88,85,1
88,856,1
88,573,1
88,63,1
88,339,1
88,526,1
88,301,1
89,459,1
89,741,1
89,511,1
89,358,1
89,413,1
89,226,1
89,256,1
89,691,1
89,520,1
89,676,1
89,664,1
89,263,1
89,310,1
89,674,1
89,241,1
89,617,1
89,884,1
89,746,1
89,766,1
89,313,1
89,838,1
90,669,1
90,309,1
90,728,1
90,724,1
90,228,1
90,3,1
90,482,1
91,302,1
91,213,1
91,648,1
91,746,1
91,439,1
91,627,1
91,195,1
91,116,1
91,335,1
91,379,1
91,830,1
91,318,1
91,226,1
91,844,1
91,449,1
91,426,1
91,818,1
92,796,1
92,328,1
92,94,1
92,183,1
92,76,1
92,162,1
92,256,1
92,548,1
92,423,1
92,747,1
92,375,1
92,614,1
92,573,1
92,129,1
92,355,1
92,159,1
92,406,1
93,177,1
93,161,1
93,133,1
93,830,1
93,716,1
93,229,1
93,507,1
93,839,1
93,435,1
93,37,1
93,799,1
93,287,1
93,769,1
93,171,1
93,490,1
93,409,1
93,388,1
93,538,1
94,392,1
94,791,1
94,228,1
94,89,1
94,77,1
94,207,1
94,678,1
94,411,1
94,474,1
94,361,1
94,49,1
94,314,1
94,249,1
94,787,1
94,681,1
94,184,1
94,368,1
94,265,1
95,261,1
95,622,1
95,66,1
95,854,1
95,553,1
95,485,1
95,84,1
95,705,1
95,457,1
95,359,1
95,550,1
95,87,1
95,871,1
95,304,1
95,645,1
96,534,1
96,363,1
96,603,1
96,348,1
96,780,1
96,314,1
96,240,1
96,413,1
96,53,1
96,800,1
96,761,1
96,8,1
97,791,1
97,399,1
97,345,1
97,120,1
97,833,1
97,819,1
97,522,1
97,799,1
97,149,1
98,720,1
98,880,1
98,61,1
98,296,1
98,229,1
98,196,1
98,274,1
98,646,1
98,775,1
98,821,1
98,393,1
98,155,1
99,712,1
99,263,1
99,734,1
99,143,1
99,548,1
99,480,1
99,764,1
99,276,1
99,704,1
99,418,1
99,42,1
99,488,1
99,754,1
99,368,1
99,478,1
99,398,1
99,297,1
99,427,1
99,221,1
99,388,1
99,293,1
99,424,1
99,226,1
100,834,1
100,388,1
100,428,1
100,781,1
100,391,1
100,130,1
100,520,1
100,383,1
100,831,1
100,479,1
100,748,1
100,387,1
100,355,1
100,412,1
100,688,1
100,104,1
101,804,1
101,34,1
101,664,1
101,667,1
101,260,1
101,579,1
101,199,1
101,256,1
102,571,1
102,469,1
102,287,1
102,759,1
102,182,1
102,815,1
102,711,1
102,520,1
102,436,1
102,335,1
102,829,1
102,613,1
102,587,1
102,861,1
102,160,1
102,793,1
102,135,1
102,749,1
102,714,1
102,867,1
103,446,1
103,361,1
103,353,1
103,27,1
103,844,1
103,627,1
103,113,1
103,712,1
103,455,1
103,216,1
103,228,1
103,802,1
103,193,1
103,478,1
103,631,1
103,498,1
103,161,1
103,460,1
103,868,1
104,807,1
104,567,1
104,839,1
104,116,1
104,722,1
104,182,1
104,46,1
104,422,1
104,183,1
104,145,1
104,154,1
104,757,1
104,307,1
104,342,1
104,264,1
105,418,1
105,861,1
105,708,1
105,625,1
105,558,1
105,210,1
105,620,1
105,91,1
105,138,1
105,693,1
105,94,1
105,847,1
105,271,1
105,867,1
106,857,1
106,578,1
106,71,1
106,352,1
106,248,1
106,616,1
106,503,1
106,803,1
106,144,1
106,814,1
107,583,1
107,191,1
107,49,1
107,206,1
107,760,1
107,462,1
107,202,1
107,174,1
107,239,1
107,172,1
108,682,1
108,259,1
108,111,1
108,851,1
108,177,1
108,244,1
108,410,1
108,508,1
108,845,1
108,870,1
108,739,1
108,89,1
108,369,1
108,697,1
108,359,1
108,76,1
108,722,1
108,374,1
108,190,1
108,713,1
108,236,1
109,527,1
109,352,1
109,777,1
109,793,1
109,223,1
109,4,1
109,792,1
109,308,1
109,863,1
109,850,1
109,459,1
109,682,1
109,661,1
109,481,1
109,881,1
109,334,1
110,277,1
110,352,1
110,525,1
110,168,1
110,581,1
110,9,1
110,742,1
110,710,1
110,365,1
110,159,1
110,551,1
110,490,1
110,294,1
110,750,1
111,188,1
111,424,1
111,796,1
111,481,1
111,475,1
111,532,1
111,762,1
111,421,1
111,320,1
111,752,1
112,67,1
112,815,1
112,783,1
112,406,1
112,202,1
112,674,1
112,728,1
112,818,1
112,214,1
112,206,1
112,182,1
112,868,1
112,248,1
112,634,1
112,52,1
112,823,1
112,460,1
112,280,1
112,482,1
112,706,1
112,213,1
113,238,1
113,877,1
113,591,1
113,53,1
113,758,1
113,890,1
113,689,1
113,239,1
113,151,1
113,19,1
113,278,1
113,402,1
113,130,1
113,751,1
114,611,1
114,508,1
114,277,1
114,66,1
114,849,1
114,177,1
115,264,1
115,196,1
115,837,1
115,163,1
115,131,1
115,85,1
115,816,1
115,195,1
115,260,1
115,244,1
115,706,1
115,527,1
115,575,1
115,123,1
115,427,1
115,850,1
115,117,1
115,98,1
115,125,1
115,727,1
115,268,1
115,750,1
115,590,1
115,42,1
116,718,1
116,708,1
116,572,1
116,651,1
116,346,1
116,153,1
116,319,1
116,271,1
116,221,1
116,810,1
116,217,1
116,139,1
116,285,1
116,675,1
116,799,1
116,618,1
116,586,1
116,69,1
116,148,1
117,834,1
117,845,1
117,859,1
117,873,1
117,793,1
117,544,1
117,227,1
117,212,1
118,626,1
118,560,1
118,9,1
118,502,1
118,724,1
118,497,1
118,121,1
118,95,1
118,894,1
118,547,1
118,755,1
118,868,1
118,167,1
119,799,1
119,75,1
119,486,1
119,43,1
119,297,1
119,268,1
119,50,1
119,621,1
119,785,1
119,192,1
119,436,1
119,442,1
119,251,1
119,562,1
119,897,1
119,440,1
120,605,1
120,649,1
120,786,1
120,430,1
120,468,1
121,353,1
121,223,1
121,530,1
121,561,1
121,676,1
121,514,1
121,440,1
121,221,1
121,774,1
121,483,1
121,812,1
121,61,1
121,193,1
121,783,1
121,445,1
121,640,1
121,714,1
121,247,1
121,246,1
121,336,1
122,8,1
122,441,1
122,516,1
122,69,1
122,806,1
122,481,1
122,542,1
122,565,1
122,423,1
122,601,1
122,11,1
122,676,1
122,621,1
122,857,1
122,66,1
123,528,1
123,563,1
123,588,1
123,705,1
123,235,1
123,410,1
123,395,1
124,462,1
124,346,1
124,108,1
124,511,1
124,847,1
124,601,1
124,404,1
124,163,1
124,399,1
124,608,1
124,148,1
124,117,1
124,572,1
124,807,1
124,843,1
124,513,1
124,873,1
124,236,1
124,217,1
124,787,1
124,211,1
124,379,1
124,792,1
125,123,1
125,180,1
125,589,1
125,154,1
125,245,1
125,340,1
125,412,1
125,455,1
125,332,1
125,731,1
126,555,1
126,128,1
126,186,1
126,850,1
126,278,1
126,141,1
126,243,1
127,251,1
127,214,1
127,143,1
127,849,1
127,138,1
127,34,1
127,262,1
127,30,1
127,829,1
127,498,1
127,23,1
127,710,1
127,305,1
127,754,1
127,680,1
127,10,1
127,345,1
127,752,1
127,334,1
127,802,1
127,261,1
127,234,1
128,834,1
128,91,1
128,494,1
128,301,1
128,639,1
128,630,1
128,651,1
128,824,1
129,784,1
129,706,1
129,505,1
129,873,1
129,457,1
129,758,1
129,806,1
129,384,1
129,167,1
129,534,1
129,616,1
129,718,1
129,414,1
129,622,1
129,34,1
129,252,1
129,75,1
129,553,1
129,381,1
129,555,1
129,675,1
129,275,1
129,852,1
130,394,1
130,722,1
130,368,1
130,50,1
130,520,1
130,674,1
130,726,1
130,683,1
130,142,1
130,736,1
130,696,1
130,38,1
130,598,1
130,371,1
130,99,1
130,190,1
130,639,1
130,355,1
130,177,1
130,61,1
131,668,1
131,788,1
131,799,1
131,330,1
131,536,1
131,53,1
131,662,1
131,423,1
131,610,1
131,419,1
131,474,1
131,106,1
131,790,1
131,611,1
131,339,1
131,47,1
131,561,1
131,426,1
131,524,1
131,719,1
131,16,1
132,880,1
132,573,1
132,206,1
132,14,1
132,732,1
132,225,1
132,510,1
132,176,1
132,102,1
132,417,1
132,297,1
132,687,1
132,236,1
132,478,1
132,681,1
132,893,1
132,603,1
132,112,1
132,507,1
132,215,1
132,248,1
133,205,1
133,27,1
133,710,1
133,177,1
133,781,1
133,812,1
133,162,1
133,671,1
133,330,1
133,880,1
133,867,1
133,555,1
133,153,1
133,403,1
133,784,1
133,345,1
133,601,1
133,221,1
134,362,1
134,585,1
134,73,1
134,470,1
134,347,1
134,725,1
134,442,1
134,749,1
134,47,1
134,55,1
134,776,1
134,701,1
134,549,1
134,595,1
134,179,1
135,868,1
135,762,1
135,327,1
135,512,1
135,370,1
135,32,1
135,545,1
135,429,1
135,823,1
135,66,1
136,355,1
136,278,1
136,792,1
136,846,1
136,341,1
137,761,1
137,148,1
137,276,1
137,762,1
137,426,1
137,221,1
137,278,1
137,323,1
137,823,1
137,54,1
137,730,1
137,146,1
137,738,1
137,674,1
137,12,1
138,186,1
138,316,1
138,256,1
138,579,1
138,142,1
138,204,1
138,608,1
138,350,1
139,855,1
139,657,1
139,746,1
139,759,1
139,550,1
139,32,1
139,718,1
139,230,1
139,46,1
139,154,1
139,216,1
139,332,1
139,125,1
139,20,1
139,447,1
139,352,1
139,359,1
139,281,1
139,411,1
139,203,1
139,129,1
139,100,1
140,751,1
140,753,1
140,659,1
140,553,1
140,49,1
140,801,1
140,253,1
140,140,1
140,439,1
140,466,1
140,144,1
140,792,1
140,565,1
140,898,1
140,730,1
140,784,1
140,468,1
140,698,1
140,360,1
140,53,1
140,347,1
140,327,1
141,144,1
141,30,1
141,421,1
141,197,1
141,472,1
141,196,1
141,793,1
141,293,1
141,471,1
141,530,1
141,233,1
141,892,1
141,860,1
142,301,1
142,33,1
142,788,1
142,672,1
142,900,1
142,483,1
142,11,1
142,550,1
142,579,1
142,601,1
142,510,1
142,123,1
142,347,1
143,142,1
143,594,1
143,321,1
143,626,1
143,313,1
143,515,1
143,528,1
143,567,1
143,174,1
143,298,1
143,845,1
143,879,1
143,706,1
143,50,1
143,602,1
143,558,1
143,782,1
143,231,1
144,173,1
144,254,1
144,286,1
144,893,1
144,670,1
144,691,1
144,408,1
144,835,1
144,749,1
144,762,1
144,759,1
144,99,1
144,347,1
144,143,1
144,865,1
144,189,1
144,565,1
144,696,1
144,105,1
144,397,1
144,84,1
144,352,1
145,322,1
145,477,1
145,644,1
145,147,1
145,706,1
145,298,1
145,252,1
145,519,1
145,215,1
145,666,1
145,307,1
145,272,1
145,150,1
145,780,1
145,204,1
145,414,1
145,223,1
146,798,1
146,623,1
146,679,1
146,184,1
146,451,1
146,210,1
146,159,1
147,653,1
147,207,1
147,877,1
147,773,1
147,738,1
147,613,1
147,854,1
147,403,1
147,564,1
147,222,1
147,277,1
147,137,1
147,125,1
148,508,1
148,157,1
148,627,1
148,49,1
148,646,1
148,421,1
148,483,1
148,183,1
148,24,1
148,784,1
148,236,1
148,163,1
149,836,1
149,254,1
149,392,1
149,557,1
149,358,1
149,751,1
149,264,1
149,162,1
149,342,1
150,27,1
150,379,1
150,459,1
150,865,1
150,409,1
150,9,1
150,559,1
150,258,1
150,248,1
150,48,1
150,831,1
150,340,1
150,736,1
150,427,1
150,250,1
150,410,1
150,1,1
150,432,1
150,118,1
150,501,1
151,711,1
151,514,1
151,167,1
151,94,1
151,600,1
151,355,1
151,127,1
151,233,1
151,615,1
151,194,1
151,178,1
151,291,1
151,373,1
151,587,1
151,121,1
151,811,1
151,185,1
151,268,1
151,155,1
151,890,1
152,55,1
152,850,1
152,63,1
152,131,1
152,140,1
152,480,1
152,560,1
152,748,1
152,852,1
152,783,1
152,149,1
152,374,1
152,15,1
152,857,1
152,839,1
152,129,1
152,616,1
152,76,1
152,120,1
152,305,1
153,164,1
153,497,1
153,454,1
153,94,1
153,2,1
153,789,1
153,165,1
153,195,1
154,163,1
154,597,1
154,303,1
154,851,1
154,101,1
155,509,1
155,354,1
155,304,1
155,467,1
155,137,1
155,603,1
155,641,1
155,217,1
155,573,1
155,669,1
155,40,1
155,422,1
155,511,1
155,784,1
155,476,1
155,367,1
155,524,1
155,413,1
155,559,1
155,494,1
155,625,1
155,353,1
155,275,1
155,123,1
156,36,1
156,44,1
156,669,1
156,518,1
156,718,1
156,888,1
156,786,1
156,656,1
156,39,1
156,214,1
156,138,1
156,310,1
156,548,1
156,346,1
156,10,1
156,362,1
156,354,1
156,85,1
157,1,1
157,713,1
157,86,1
157,834,1
157,419,1
158,627,1
158,621,1
158,129,1
158,462,1
158,391,1
158,578,1
158,223,1
158,2,1
158,599,1
159,219,1
159,377,1
159,74,1
159,324,1
159,630,1
159,482,1
159,647,1
159,807,1
160,180,1
160,239,1
160,575,1
160,248,1
160,787,1
160,515,1
160,95,1
160,291,1
160,713,1
160,187,1
160,655,1
160,476,1
160,338,1
160,460,1
160,489,1
161,57,1
161,74,1
161,113,1
161,697,1
161,635,1
161,281,1
161,818,1
161,98,1
161,784,1
161,524,1
161,458,1
161,586,1
161,538,1
161,563,1
162,330,1
162,712,1
162,36,1
162,251,1
162,634,1
162,723,1
162,616,1
162,582,1
162,48,1
162,361,1
162,889,1
162,880,1
162,83,1
162,698,1
162,182,1
162,315,1
162,122,1
163,743,1
163,116,1
163,810,1
163,455,1
163,376,1
163,6,1
163,849,1
163,415,1
163,330,1
163,637,1
163,36,1
163,389,1
163,474,1
163,524,1
163,282,1
163,665,1
164,317,1
164,631,1
164,841,1
164,145,1
164,806,1
164,188,1
164,753,1
164,152,1
164,840,1
164,831,1
164,60,1
164,341,1
165,635,1
165,424,1
165,196,1
165,21,1
165,77,1
165,8,1
165,617,1
165,797,1
165,606,1
165,138,1
166,118,1
166,611,1
166,766,1
166,299,1
166,533,1
166,160,1
166,133,1
166,808,1
166,491,1
166,883,1
166,315,1
166,354,1
166,493,1
166,282,1
166,510,1
166,52,1
166,169,1
167,686,1
167,707,1
167,384,1
167,702,1
167,324,1
167,565,1
167,764,1
167,597,1
167,830,1
167,48,1
167,437,1
167,91,1
167,96,1
167,42,1
167,678,1
167,681,1
167,104,1
167,737,1
167,852,1
167,499,1
167,267,1
168,725,1
168,143,1
168,541,1
168,253,1
168,563,1
168,780,1
168,844,1
168,408,1
168,453,1
168,117,1
168,481,1
169,31,1
169,232,1
169,208,1
169,502,1
169,86,1
169,886,1
169,461,1
169,82,1
169,801,1
169,473,1
170,690,1
170,262,1
170,213,1
170,481,1
170,583,1
170,283,1
170,184,1
170,507,1
170,559,1
170,30,1
170,44,1
170,740,1
170,295,1
170,777,1
170,474,1
171,313,1
171,465,1
171,895,1
171,810,1
171,37,1
171,303,1
171,461,1
171,226,1
171,633,1
171,428,1
171,680,1
171,50,1
171,842,1
171,42,1
171,863,1
171,529,1
171,296,1
171,467,1
172,240,1
172,41,1
172,159,1
172,395,1
172,782,1
172,893,1
172,547,1
172,726,1
172,288,1
172,765,1
172,112,1
172,370,1
173,784,1
173,729,1
173,477,1
173,862,1
173,74,1
173,23,1
174,343,1
174,262,1
174,549,1
174,819,1
174,725,1
174,268,1
174,634,1
174,337,1
174,65,1
174,521,1
174,855,1
175,252,1
175,660,1
175,245,1
175,362,1
175,338,1
175,501,1
175,523,1
175,584,1
175,435,1
175,52,1
175,171,1
175,606,1
175,351,1
175,506,1
175,364,1
175,529,1
175,799,1
175,334,1
175,823,1
175,742,1
175,82,1
175,17,1
175,707,1
176,236,1
176,132,1
176,201,1
176,330,1
176,645,1
176,499,1
177,277,1
177,509,1
177,106,1
177,226,1
177,315,1
177,495,1
177,620,1
177,709,1
177,181,1
177,235,1
177,648,1
177,892,1
178,819,1
178,237,1
178,149,1
178,434,1
178,625,1
178,602,1
178,760,1
178,619,1
178,138,1
178,433,1
178,577,1
178,658,1
178,97,1
178,118,1
178,739,1
179,228,1
179,729,1
179,583,1
179,655,1
179,660,1
179,6,1
179,8,1
179,230,1
180,847,1
180,36,1
180,560,1
180,375,1
180,864,1
181,730,1
181,652,1
181,54,1
181,75,1
181,540,1
181,430,1
181,183,1
181,200,1
181,612,1
181,228,1
181,4,1
181,597,1
182,214,1
182,658,1
182,805,1
182,15,1
182,447,1
182,600,1
182,654,1
183,165,1
183,308,1
183,627,1
183,505,1
183,720,1
183,373,1
183,546,1
183,36,1
183,801,1
183,5,1
183,386,1
183,100,1
183,316,1
183,480,1
183,615,1
183,625,1
183,729,1
183,765,1
183,406,1
183,469,1
183,701,1
183,727,1
183,17,1
183,18,1
184,142,1
184,243,1
184,285,1
184,216,1
184,119,1
184,31,1
184,201,1
184,653,1
184,421,1
184,361,1
184,451,1
184,427,1
184,546,1
184,740,1
184,354,1
184,496,1
184,335,1
184,711,1
184,652,1
184,859,1
184,701,1
184,186,1
184,460,1
184,878,1
185,604,1
185,210,1
185,559,1
185,459,1
185,349,1
185,290,1
185,223,1
185,491,1
185,369,1
185,495,1
185,275,1
185,475,1
186,113,1
186,858,1
186,31,1
186,404,1
186,83,1
186,810,1
186,452,1
186,652,1
186,469,1
186,49,1
186,462,1
187,334,1
187,533,1
187,79,1
187,425,1
187,743,1
187,101,1
188,860,1
188,695,1
188,464,1
188,712,1
188,48,1
188,731,1
188,675,1
188,352,1
188,153,1
188,544,1
188,500,1
188,212,1
189,403,1
189,702,1
189,617,1
189,411,1
189,118,1
189,655,1
189,93,1
189,145,1
189,894,1
189,398,1
189,526,1
189,185,1
189,393,1
189,665,1
189,127,1
189,61,1
189,600,1
189,863,1
190,396,1
190,619,1
190,72,1
190,317,1
190,813,1
190,755,1
190,876,1
190,285,1
190,151,1
190,340,1
190,256,1
190,195,1
190,160,1
190,5,1
190,125,1
190,254,1
190,50,1
190,735,1
190,304,1
190,181,1
190,553,1
190,64,1
190,398,1
190,239,1
191,307,1
191,517,1
191,660,1
191,635,1
191,465,1
191,743,1
191,861,1
191,312,1
192,899,1
192,36,1
192,849,1
192,610,1
192,359,1
192,416,1
192,488,1
192,41,1
192,317,1
192,625,1
192,735,1
192,239,1
192,622,1
193,489,1
193,292,1
193,398,1
193,166,1
193,506,1
193,622,1
193,824,1
193,750,1
193,120,1
193,342,1
194,298,1
194,135,1
194,732,1
194,94,1
194,279,1
194,310,1
194,665,1
194,889,1
194,31,1
194,187,1
194,551,1
194,679,1
194,154,1
194,721,1
194,644,1
194,197,1
194,198,1
194,548,1
194,89,1
194,350,1
194,611,1
195,232,1
195,214,1
195,391,1
195,710,1
195,478,1
195,223,1
195,452,1
195,352,1
195,541,1
195,374,1
196,257,1
196,478,1
196,71,1
196,572,1
196,761,1
196,682,1
196,29,1
196,287,1
196,728,1
196,800,1
196,610,1
196,795,1
196,801,1
196,391,1
196,267,1
196,344,1
196,463,1
196,415,1
196,179,1
196,103,1
196,109,1
196,621,1
196,765,1
196,227,1
197,395,1
197,245,1
197,586,1
197,239,1
197,511,1
197,460,1
197,728,1
197,189,1
197,487,1
197,567,1
197,123,1
197,344,1
197,541,1
197,486,1
197,316,1
197,382,1
197,818,1
197,399,1
197,59,1
197,672,1
197,608,1
197,575,1
198,421,1
198,869,1
198,696,1
198,563,1
198,337,1
198,309,1
198,385,1
198,789,1
198,377,1
198,104,1
198,529,1
198,96,1
199,221,1
199,594,1
199,312,1
199,29,1
199,608,1
199,832,1
199,688,1
199,549,1
199,141,1
199,9,1
199,132,1
199,633,1
199,492,1
199,140,1
199,734,1
199,626,1
199,771,1
200,767,1
200,752,1
200,651,1
200,849,1
200,32,1
200,443,1
200,203,1
200,882,1
200,400,1
200,506,1
200,15,1
200,648,1
200,249,1
200,447,1
201,710,1
201,539,1
201,421,1
201,289,1
201,835,1
201,636,1
201,563,1
201,312,1
201,38,1
201,57,1
201,499,1
201,863,1
201,366,1
201,33,1
201,725,1
201,604,1
201,49,1
201,288,1
201,715,1
201,413,1
201,667,1
202,188,1
202,781,1
202,487,1
202,270,1
202,788,1
202,608,1
202,210,1
202,10,1
202,476,1
202,289,1
202,849,1
203,314,1
203,306,1
203,201,1
203,124,1
203,21,1
203,646,1
203,174,1
203,735,1
203,795,1
203,657,1
203,573,1
203,348,1
203,581,1
203,279,1
203,878,1
203,56,1
203,713,1
203,264,1
203,282,1
203,649,1
204,618,1
204,173,1
204,855,1
204,313,1
204,769,1
204,234,1
204,563,1
204,18,1
204,465,1
204,677,1
204,756,1
204,196,1
204,42,1
204,763,1
204,788,1
204,683,1
204,496,1
204,782,1
204,30,1
204,644,1
204,390,1
204,27,1
205,181,1
205,135,1
205,511,1
205,60,1
205,218,1
205,117,1
205,779,1
205,408,1
205,341,1
205,618,1
205,637,1
205,739,1
205,819,1
205,409,1
205,608,1
205,208,1
205,142,1
205,737,1
205,389,1
206,207,1
206,753,1
206,716,1
206,665,1
206,823,1
206,120,1
206,262,1
206,228,1
206,817,1
206,686,1
206,680,1
206,749,1
206,763,1
206,299,1
206,762,1
206,385,1
206,130,1
206,628,1
207,829,1
207,611,1
207,435,1
207,861,1
207,841,1
207,593,1
207,448,1
207,837,1
207,359,1
207,334,1
207,740,1
207,129,1
207,638,1
207,880,1
208,248,1
208,138,1
208,478,1
208,454,1
208,618,1
209,560,1
209,257,1
209,815,1
209,457,1
209,397,1
209,36,1
209,50,1
209,623,1
209,788,1
209,209,1
209,139,1
209,371,1
209,669,1
209,825,1
209,376,1
209,174,1
210,299,1
210,34,1
210,295,1
210,479,1
210,468,1
210,428,1
210,451,1
210,835,1
210,344,1
210,755,1
210,728,1
210,21,1
210,314,1
210,349,1
210,158,1
210,821,1
210,729,1
210,507,1
211,533,1
211,155,1
211,136,1
211,550,1
211,315,1
211,727,1
211,711,1
211,352,1
211,367,1
211,770,1
211,452,1
211,853,1
211,842,1
211,318,1
211,166,1
212,772,1
212,865,1
212,321,1
212,175,1
212,51,1
212,750,1
212,771,1
212,205,1
212,319,1
213,723,1
213,821,1
213,884,1
213,678,1
213,566,1
213,596,1
213,382,1
213,541,1
213,303,1
213,440,1
213,20,1
213,777,1
213,865,1
213,288,1
213,458,1
214,305,1
214,473,1
214,873,1
214,184,1
214,891,1
214,413,1
214,332,1
214,98,1
214,6,1
214,540,1
214,460,1
214,629,1
214,400,1
214,206,1
214,640,1
214,417,1
214,304,1
214,862,1
214,396,1
214,95,1
214,397,1
214,534,1
214,568,1
214,563,1
215,872,1
215,783,1
215,652,1
215,825,1
215,729,1
215,5,1
215,551,1
215,461,1
215,558,1
215,29,1
215,142,1
215,300,1
215,436,1
215,727,1
215,213,1
215,260,1
215,435,1
216,257,1
216,20,1
216,2,1
216,482,1
216,578,1
216,119,1
216,337,1
216,65,1
216,839,1
216,854,1
216,745,1
216,44,1
216,184,1
216,631,1
216,508,1
216,476,1
216,309,1
217,898,1
217,718,1
217,766,1
217,821,1
217,422,1
217,194,1
217,698,1
217,148,1
217,303,1
217,822,1
217,721,1
217,758,1
217,792,1
217,477,1
217,370,1
218,809,1
218,755,1
218,771,1
218,135,1
218,420,1
218,112,1
218,240,1
218,284,1
218,57,1
218,146,1
218,232,1
218,587,1
218,222,1
218,527,1
218,161,1
218,94,1
218,464,1
218,123,1
218,610,1
219,63,1
219,846,1
219,79,1
219,211,1
219,649,1
219,342,1
219,504,1
219,844,1
219,282,1
219,235,1
219,838,1
219,375,1
219,525,1
219,693,1
219,115,1
219,606,1
219,519,1
219,808,1
219,204,1
219,856,1
220,750,1
220,761,1
220,587,1
220,184,1
220,266,1
220,808,1
220,313,1
220,363,1
220,87,1
220,624,1
220,128,1
220,681,1
220,551,1
220,773,1
220,875,1
220,27,1
220,252,1
220,765,1
220,88,1
220,193,1
220,257,1
220,333,1
221,539,1
221,334,1
221,233,1
221,471,1
221,328,1
221,717,1
221,775,1
221,818,1
221,659,1
221,306,1
221,280,1
221,368,1
221,835,1
222,10,1
222,388,1
222,873,1
222,750,1
222,460,1
222,796,1
222,462,1
222,570,1
222,655,1
222,396,1
222,877,1
222,419,1
222,536,1
222,408,1
222,691,1
223,881,1
223,121,1
223,563,1
223,766,1
223,687,1
223,697,1
223,642,1
223,471,1
223,597,1
223,875,1
223,34,1
223,617,1
223,101,1
223,783,1
223,727,1
223,343,1
223,48,1
223,420,1
223,266,1
223,255,1
223,672,1
223,834,1
223,176,1
223,374,1
224,848,1
224,114,1
224,170,1
224,119,1
224,554,1
224,23,1
224,686,1
224,892,1
224,864,1
224,215,1
224,874,1
225,449,1
225,777,1
225,41,1
225,223,1
225,66,1
225,302,1
225,524,1
225,674,1
225,353,1
225,762,1
225,33,1
225,321,1
226,349,1
226,156,1
226,189,1
226,479,1
226,534,1
226,155,1
226,464,1
226,79,1
226,747,1
226,385,1
226,579,1
226,683,1
226,830,1
226,309,1
226,239,1
226,887,1
226,49,1
226,825,1
226,766,1
226,215,1
226,346,1
227,149,1
227,172,1
227,872,1
227,75,1
227,71,1
227,459,1
227,447,1
227,545,1
227,180,1
227,609,1
227,538,1
227,707,1
227,78,1
227,283,1
228,143,1
228,679,1
228,3,1
228,27,1
228,530,1
228,482,1
228,149,1
228,810,1
228,158,1
228,258,1
228,30,1
228,620,1
228,167,1
228,316,1
228,210,1
228,724,1
229,673,1
229,258,1
229,312,1
229,601,1
229,333,1
229,138,1
229,629,1
229,425,1
229,833,1
229,469,1
229,438,1
229,515,1
230,222,1
230,166,1
230,746,1
230,678,1
230,552,1
230,812,1
230,550,1
230,343,1
230,349,1
230,315,1
230,179,1
230,868,1
230,470,1
230,51,1
230,589,1
230,341,1
230,159,1
231,885,1
231,637,1
231,221,1
231,828,1
231,144,1
232,787,1
232,853,1
232,823,1
232,246,1
232,715,1
232,112,1
232,585,1
232,142,1
233,256,1
233,568,1
233,80,1
233,393,1
233,441,1
233,171,1
233,661,1
233,338,1
233,368,1
233,47,1
233,571,1
233,891,1
233,275,1
234,374,1
234,98,1
234,248,1
234,358,1
234,51,1
234,355,1
234,703,1
234,165,1
234,352,1
234,713,1
234,698,1
235,51,1
235,566,1
235,729,1
235,314,1
235,662,1
235,684,1
236,30,1
236,242,1
236,666,1
236,191,1
236,39,1
236,253,1
236,170,1
236,653,1
236,341,1
236,764,1
236,360,1
236,551,1
236,490,1
236,828,1
236,702,1
236,832,1
236,1,1
236,718,1
236,462,1
236,756,1
236,168,1
236,843,1
237,826,1
237,282,1
237,249,1
237,267,1
237,679,1
237,863,1
237,307,1
237,713,1
237,295,1
237,104,1
237,677,1
238,171,1
238,273,1
238,573,1
238,78,1
238,44,1
238,450,1
238,370,1
238,680,1
238,581,1
238,417,1
238,747,1
238,255,1
238,167,1
239,222,1
239,410,1
239,699,1
239,793,1
239,88,1
239,483,1
240,414,1
240,448,1
240,431,1
240,877,1
240,161,1
240,25,1
240,162,1
241,806,1
241,164,1
241,63,1
241,699,1
241,612,1
241,319,1
241,494,1
241,622,1
241,721,1
241,504,1
241,509,1
241,564,1
242,721,1
242,172,1
242,194,1
242,390,1
242,396,1
243,139,1
243,784,1
243,274,1
243,109,1
243,183,1
243,403,1
243,750,1
243,277,1
243,802,1
243,301,1
243,759,1
243,472,1
243,268,1
243,64,1
243,798,1
243,249,1
243,252,1
243,457,1
243,211,1
243,269,1
243,175,1
243,319,1
243,891,1
244,821,1
244,470,1
244,297,1
244,572,1
244,596,1
244,726,1
244,846,1
244,494,1
244,142,1
244,870,1
244,202,1
244,380,1
244,811,1
244,656,1
244,464,1
244,735,1
244,354,1
244,431,1
244,473,1
245,312,1
245,395,1
245,567,1
245,673,1
245,331,1
245,776,1
245,448,1
245,491,1
245,81,1
245,494,1
245,368,1
245,719,1
245,429,1
245,306,1
245,232,1
245,431,1
245,785,1
245,676,1
245,573,1
245,605,1
245,337,1
245,283,1
246,654,1
246,383,1
246,547,1
246,214,1
246,830,1
246,238,1
246,427,1
246,616,1
246,180,1
246,722,1
246,719,1
246,49,1
246,487,1
246,195,1
246,442,1
246,321,1
246,76,1
246,5,1
246,546,1
246,357,1
246,407,1
247,158,1
247,891,1
247,771,1
247,335,1
247,757,1
247,635,1
247,832,1
247,340,1
247,297,1
247,72,1
247,527,1
247,683,1
247,498,1
247,698,1
247,465,1
247,606,1
247,390,1
247,783,1
247,334,1
247,761,1
247,438,1
247,292,1
248,263,1
248,283,1
248,30,1
248,261,1
248,282,1
248,620,1
248,692,1
248,827,1
248,849,1
248,86,1
248,227,1
248,268,1
248,684,1
248,44,1
248,791,1
248,19,1
249,109,1
249,849,1
249,410,1
249,820,1
249,667,1
249,99,1
249,565,1
249,246,1
249,20,1
249,576,1
249,37,1
249,292,1
249,251,1
249,427,1
249,856,1
249,463,1
249,151,1
249,626,1
249,674,1
249,691,1
249,685,1
250,226,1
250,625,1
250,151,1
250,853,1
250,484,1
250,190,1
251,657,1
251,636,1
251,838,1
251,740,1
251,379,1
251,163,1
251,783,1
251,94,1
251,117,1
251,671,1
251,307,1
251,101,1
251,864,1
251,66,1
251,670,1
251,145,1
251,888,1
251,870,1
252,590,1
252,756,1
252,446,1
252,186,1
252,320,1
252,268,1
252,400,1
252,547,1
252,46,1
252,658,1
252,89,1
252,439,1
252,593,1
252,896,1
252,440,1
252,652,1
252,780,1
252,699,1
252,704,1
252,322,1
252,644,1
252,61,1
253,497,1
253,204,1
253,281,1
253,6,1
253,757,1
253,220,1
253,543,1
253,444,1
253,638,1
253,877,1
253,97,1
253,880,1
253,649,1
253,837,1
253,754,1
253,62,1
253,256,1
253,124,1
253,842,1
253,267,1
253,874,1
253,370,1
254,544,1
254,540,1
254,18,1
254,20,1
254,74,1
254,591,1
254,885,1
254,464,1
254,743,1
254,686,1
254,248,1
254,30,1
254,729,1
255,484,1
255,309,1
255,161,1
255,675,1
255,52,1
256,369,1
256,457,1
256,520,1
256,177,1
256,116,1
256,515,1
256,397,1
256,53,1
256,128,1
256,139,1
256,352,1
256,601,1
256,625,1
256,63,1
256,635,1
256,111,1
256,327,1
256,797,1
256,265,1
257,201,1
257,798,1
257,347,1
257,334,1
257,690,1
257,361,1
257,826,1
257,756,1
257,419,1
257,788,1
257,887,1
258,534,1
258,31,1
258,772,1
258,578,1
258,145,1
258,421,1
258,521,1
258,895,1
258,491,1
259,122,1
259,546,1
259,394,1
259,429,1
259,623,1
259,644,1
259,619,1
259,720,1
259,570,1
259,28,1
259,805,1
259,851,1
260,805,1
260,432,1
260,84,1
260,802,1
260,144,1
260,212,1
260,498,1
260,159,1
260,790,1
260,357,1
261,421,1
261,175,1
261,174,1
261,652,1
261,681,1
261,869,1
261,285,1
261,422,1
261,549,1
261,516,1
261,733,1
261,265,1
261,165,1
261,26,1
262,625,1
262,26,1
262,86,1
262,240,1
262,178,1
262,5,1
262,615,1
263,480,1
263,23,1
263,572,1
263,101,1
263,627,1
263,151,1
263,308,1
263,832,1
263,739,1
263,830,1
263,564,1
263,690,1
263,891,1
263,876,1
263,302,1
263,71,1
263,404,1
263,378,1
263,775,1
263,260,1
264,354,1
264,231,1
264,219,1
264,58,1
264,639,1
264,661,1
264,664,1
264,396,1
264,361,1
264,78,1
264,401,1
264,199,1
264,694,1
264,227,1
264,37,1
264,767,1
264,823,1
264,853,1
265,368,1
265,671,1
265,202,1
265,589,1
265,10,1
265,881,1
265,727,1
265,653,1
265,120,1
265,485,1
265,46,1
265,445,1
265,127,1
265,723,1
265,189,1
265,320,1
265,182,1
265,109,1
265,821,1
266,709,1
266,644,1
266,680,1
266,835,1
266,462,1
266,762,1
267,423,1
267,91,1
267,165,1
267,328,1
267,831,1
267,619,1
267,248,1
267,622,1
267,244,1
268,171,1
268,245,1
268,890,1
268,841,1
268,687,1
268,442,1
268,292,1
268,343,1
268,330,1
268,574,1
268,553,1
268,183,1
268,741,1
268,742,1
268,93,1
268,681,1
269,268,1
269,827,1
269,86,1
269,4,1
269,406,1
269,256,1
269,728,1
269,511,1
269,866,1
269,888,1
269,345,1
269,636,1
269,472,1
269,305,1
270,13,1
270,255,1
270,187,1
270,473,1
270,823,1
270,375,1
270,560,1
270,234,1
270,66,1
270,646,1
270,535,1
270,47,1
270,260,1
270,793,1
270,435,1
270,28,1
270,252,1
270,37,1
270,592,1
270,270,1
270,528,1
270,655,1
270,695,1
270,645,1
271,666,1
271,802,1
271,168,1
271,222,1
271,627,1
271,734,1
271,43,1
271,272,1
271,894,1
271,122,1
271,811,1
271,391,1
271,861,1
271,296,1
271,674,1
272,408,1
272,328,1
272,9,1
272,416,1
272,278,1
272,319,1
272,335,1
272,633,1
272,838,1
272,695,1
272,99,1
272,149,1
272,170,1
272,827,1
272,65,1
273,787,1
273,4,1
273,693,1
273,783,1
273,453,1
273,31,1
273,98,1
273,8,1
273,763,1
273,512,1
273,473,1
273,210,1
274,665,1
274,814,1
274,637,1
274,302,1
274,15,1
274,9,1
274,496,1
274,552,1
275,122,1
275,127,1
275,290,1
275,224,1
275,325,1
275,645,1
275,798,1
275,766,1
275,204,1
275,617,1
275,653,1
275,729,1
275,148,1
275,493,1
276,510,1
276,603,1
276,136,1
276,619,1
276,205,1
276,784,1
276,805,1
276,168,1
276,877,1
276,302,1
276,273,1
276,119,1
276,818,1
276,343,1
276,501,1
276,570,1
276,677,1
276,780,1
277,792,1
277,108,1
277,63,1
277,786,1
277,423,1
277,350,1
277,353,1
277,352,1
277,860,1
277,402,1
277,549,1
277,518,1
277,278,1
277,120,1
278,413,1
278,590,1
278,617,1
278,560,1
278,767,1
278,534,1
278,117,1
278,442,1
278,565,1
278,531,1
278,805,1
278,688,1
279,518,1
279,334,1
279,470,1
279,322,1
279,321,1
279,227,1
279,90,1
279,506,1
279,577,1
279,545,1
279,88,1
279,741,1
279,78,1
279,766,1
280,353,1
280,453,1
280,728,1
280,305,1
280,263,1
280,313,1
280,78,1
280,126,1
280,80,1
280,95,1
280,430,1
280,371,1
280,456,1
280,108,1
280,522,1
281,578,1
281,211,1
281,804,1
281,87,1
281,849,1
281,351,1
281,98,1
281,468,1
281,722,1
281,181,1
281,796,1
282,772,1
282,450,1
282,24,1
282,684,1
282,117,1
282,263,1
282,393,1
282,175,1
282,546,1
282,819,1
282,791,1
282,468,1
282,26,1
282,776,1
282,637,1
282,665,1
282,481,1
282,176,1
283,764,1
283,535,1
283,184,1
283,160,1
283,99,1
283,445,1
283,389,1
284,620,1
284,49,1
284,377,1
284,197,1
284,890,1
284,600,1
285,213,1
285,310,1
285,499,1
285,251,1
285,510,1
286,44,1
286,521,1
286,686,1
286,360,1
286,293,1
286,136,1
286,173,1
286,424,1
286,98,1
286,658,1
286,277,1
287,299,1
287,467,1
287,16,1
287,314,1
287,257,1
287,715,1
287,654,1
287,751,1
287,315,1
287,311,1
287,438,1
287,328,1
287,47,1
287,625,1
287,659,1
287,357,1
287,423,1
287,417,1
287,140,1
287,334,1
287,727,1
288,853,1
288,771,1
288,552,1
288,669,1
288,494,1
288,503,1
288,517,1
288,511,1
288,438,1
288,786,1
288,834,1
288,115,1
288,889,1
288,530,1
288,604,1
288,550,1
288,499,1
288,282,1
288,435,1
288,559,1
289,794,1
289,279,1
289,369,1
289,471,1
289,239,1
289,75,1
289,237,1
289,69,1
289,296,1
289,84,1
289,680,1
289,449,1
289,352,1
289,116,1
289,47,1
289,306,1
289,150,1
289,435,1
289,667,1
289,373,1
289,660,1
289,745,1
290,729,1
290,601,1
290,338,1
290,506,1
290,489,1
290,740,1
290,553,1
291,5,1
291,311,1
291,205,1
291,861,1
291,561,1
291,257,1
291,302,1
291,552,1
291,679,1
291,363,1
291,532,1
291,260,1
291,264,1
291,40,1
291,263,1
291,421,1
291,481,1
291,593,1
292,492,1
292,194,1
292,283,1
292,252,1
292,105,1
293,753,1
293,373,1
293,619,1
293,209,1
293,120,1
293,264,1
293,469,1
293,108,1
293,199,1
293,62,1
293,87,1
293,740,1
293,176,1
293,710,1
294,51,1
294,713,1
294,433,1
294,309,1
294,150,1
294,629,1
294,88,1
294,387,1
294,695,1
294,217,1
294,164,1
295,680,1
295,527,1
295,599,1
295,694,1
295,884,1
295,794,1
295,203,1
295,690,1
296,684,1
296,359,1
296,93,1
296,836,1
296,876,1
296,647,1
296,140,1
296,621,1
296,499,1
296,326,1
296,595,1
296,717,1
296,461,1
296,325,1
296,750,1
296,311,1
296,395,1
296,709,1
296,21,1
296,482,1
297,372,1
297,41,1
297,880,1
297,729,1
297,466,1
297,81,1
297,274,1
297,177,1
297,148,1
297,202,1
297,649,1
297,397,1
297,698,1
297,226,1
297,716,1
298,761,1
298,803,1
298,511,1
298,150,1
298,676,1
298,551,1
298,490,1
298,837,1
298,209,1
298,534,1
298,586,1
298,86,1
298,760,1
298,561,1
298,362,1
298,608,1
298,404,1
298,684,1
298,208,1
299,440,1
299,37,1
299,869,1
299,172,1
299,110,1
299,610,1
299,309,1
299,133,1
299,146,1
299,240,1
299,563,1
299,159,1
299,311,1
299,113,1
299,571,1
299,165,1
299,635,1
299,749,1
299,643,1
299,243,1
299,343,1
299,114,1
299,722,1
299,509,1
300,256,1
300,28,1
300,74,1
300,113,1
300,678,1
300,150,1
300,830,1
300,555,1
300,260,1
300,448,1
300,377,1
300,244,1
300,302,1
300,39,1
300,718,1
300,115,1
300,452,1
300,480,1
300,196,1
300,363,1
300,583,1
